[
  {
    "model": "checkins.question",
    "pk": 1,
    "fields": { "question": "How Am I Feeling Today?" }
  },
  {
    "model": "checkins.question",
    "pk": 2,
    "fields": { "question": "What's Been Worrying Me Lately?" }
  },
  {
    "model": "checkins.question",
    "pk": 3,
    "fields": { "question": "Am I Providing My Body With Its Basic Needs?" }
  },
  {
    "model": "checkins.question",
    "pk": 4,
    "fields": {
      "question": "What Am I Doing to Bring Myself Joy?"
    }
  },
  {
    "model": "checkins.question",
    "pk": 5,
    "fields": {
      "question": "Who Do I Have In My Corner?"
    }
  },
  {
    "model": "checkins.feelingtype",
    "pk": 1,
    "fields": { "feeling_type": "Happy" }
  },
  {
    "model": "checkins.feelingtype",
    "pk": 2,
    "fields": { "feeling_type": "Meh" }
  },
  {
    "model": "checkins.feelingtype",
    "pk": 3,
    "fields": { "feeling_type": "Hangry" }
  },
  {
    "model": "checkins.feelingtype",
    "pk": 4,
    "fields": {
      "feeling_type": "Sad"
    }
  },
  {
    "model": "checkins.feelingtype",
    "pk": 5,
    "fields": {
      "feeling_type": "Loco"
    }
  },
  {
    "model": "checkins.checkin",
    "pk": 1,
    "fields": {
      "user": 1,
      "created_at": "2023-04-05"
    }
  },
  {
    "model": "checkins.checkin",
    "pk": 2,
    "fields": {
      "user": 1,
      "created_at": "2023-03-05"
    }
  },
  {
    "model": "checkins.checkin",
    "pk": 3,
    "fields": {
      "user": 1,
      "created_at": "2023-02-05"
    }
  },
  {
    "model": "checkins.checkin",
    "pk": 4,
    "fields": {
      "user": 1,
      "created_at": "2023-01-05"
    }
  },
  {
    "model": "checkins.checkin",
    "pk": 5,
    "fields": {
      "user": 1,
      "created_at": "2023-01-01"
    }
  },
  {
    "model": "checkins.answer",
    "pk": 1,
    "fields": {
      "answer": "one",
      "question": 1,
      "checkin": 1
    }
  },
  {
    "model": "checkins.answer",
    "pk": 2,
    "fields": {
      "answer": "two",
      "question": 2,
      "checkin": 1
    }
  },
  {
    "model": "checkins.answer",
    "pk": 3,
    "fields": {
      "answer": "three",
      "question": 3,
      "checkin": 1
    }
  },
  {
    "model": "checkins.answer",
    "pk": 4,
    "fields": {
      "answer": "four",
      "question": 4,
      "checkin": 1
    }
  },
  {
    "model": "checkins.answer",
    "pk": 5,
    "fields": {
      "answer": "five",
      "question": 5,
      "checkin": 1
    }
  },
  {
    "model": "checkins.answer",
    "pk": 6,
    "fields": {
      "answer": "one",
      "question": 1,
      "checkin": 2
    }
  },
  {
    "model": "checkins.answer",
    "pk": 7,
    "fields": {
      "answer": "two",
      "question": 2,
      "checkin": 2
    }
  },
  {
    "model": "checkins.answer",
    "pk": 8,
    "fields": {
      "answer": "three",
      "question": 3,
      "checkin": 2
    }
  },
  {
    "model": "checkins.answer",
    "pk": 9,
    "fields": {
      "answer": "four",
      "question": 4,
      "checkin": 2
    }
  },
  {
    "model": "checkins.answer",
    "pk": 10,
    "fields": {
      "answer": "five",
      "question": 5,
      "checkin": 2
    }
  },

  {
    "model": "checkins.answer",
    "pk": 11,
    "fields": {
      "answer": "one",
      "question": 1,
      "checkin": 3
    }
  },
  {
    "model": "checkins.answer",
    "pk": 12,
    "fields": {
      "answer": "two",
      "question": 2,
      "checkin": 3
    }
  },
  {
    "model": "checkins.answer",
    "pk": 13,
    "fields": {
      "answer": "three",
      "question": 3,
      "checkin": 3
    }
  },
  {
    "model": "checkins.answer",
    "pk": 14,
    "fields": {
      "answer": "four",
      "question": 4,
      "checkin": 3
    }
  },
  {
    "model": "checkins.answer",
    "pk": 15,
    "fields": {
      "answer": "five",
      "question": 5,
      "checkin": 3
    }
  },
  {
    "model": "checkins.answer",
    "pk": 16,
    "fields": {
      "answer": "one",
      "question": 1,
      "checkin": 4
    }
  },
  {
    "model": "checkins.answer",
    "pk": 17,
    "fields": {
      "answer": "two",
      "question": 2,
      "checkin": 4
    }
  },
  {
    "model": "checkins.answer",
    "pk": 18,
    "fields": {
      "answer": "three",
      "question": 3,
      "checkin": 4
    }
  },
  {
    "model": "checkins.answer",
    "pk": 19,
    "fields": {
      "answer": "four",
      "question": 4,
      "checkin": 4
    }
  },
  {
    "model": "checkins.answer",
    "pk": 20,
    "fields": {
      "answer": "five",
      "question": 5,
      "checkin": 4
    }
  },
  {
    "model": "checkins.answer",
    "pk": 21,
    "fields": {
      "answer": "one",
      "question": 1,
      "checkin": 5
    }
  },
  {
    "model": "checkins.answer",
    "pk": 22,
    "fields": {
      "answer": "two",
      "question": 2,
      "checkin": 5
    }
  },
  {
    "model": "checkins.answer",
    "pk": 23,
    "fields": {
      "answer": "three",
      "question": 3,
      "checkin": 5
    }
  },
  {
    "model": "checkins.answer",
    "pk": 24,
    "fields": {
      "answer": "four",
      "question": 4,
      "checkin": 5
    }
  },
  {
    "model": "checkins.answer",
    "pk": 25,
    "fields": {
      "answer": "five",
      "question": 5,
      "checkin": 5
    }
  },
  {
    "model": "checkins.feeling",
    "pk": 1,
    "fields": {
      "user": 1,
      "created_at": "2023-04-06",
      "choice": 1
    }
  },
  {
    "model": "checkins.feeling",
    "pk": 2,
    "fields": {
      "user": 1,
      "created_at": "2023-04-06",
      "choice": 1
    }
  },
  {
    "model": "checkins.feeling",
    "pk": 3,
    "fields": {
      "user": 1,
      "created_at": "2023-04-06",
      "choice": 1
    }
  },
  {
    "model": "checkins.feeling",
    "pk": 4,
    "fields": {
      "user": 1,
      "created_at": "2023-04-06",
      "choice": 1
    }
  },
  {
    "model": "checkins.feeling",
    "pk": 5,
    "fields": {
      "user": 1,
      "created_at": "2023-04-06",
      "choice": 1
    }
  },
  {
    "model": "checkins.feeling",
    "pk": 6,
    "fields": {
      "user": 1,
      "created_at": "2023-04-06",
      "choice": 1
    }
  },
  {
    "model": "checkins.feeling",
    "pk": 7,
    "fields": {
      "user": 1,
      "created_at": "2023-04-06",
      "choice": 1
    }
  },
  {
    "model": "checkins.feeling",
    "pk": 8,
    "fields": {
      "user": 1,
      "created_at": "2023-04-06",
      "choice": 1
    }
  },
  {
    "model": "checkins.feeling",
    "pk": 9,
    "fields": {
      "user": 1,
      "created_at": "2023-04-06",
      "choice": 1
    }
  },
  {
    "model": "checkins.feeling",
    "pk": 10,
    "fields": {
      "user": 1,
      "created_at": "2023-04-06",
      "choice": 1
    }
  },
  {
    "model": "checkins.feeling",
    "pk": 11,
    "fields": {
      "user": 1,
      "created_at": "2023-04-06",
      "choice": 1
    }
  },
  {
    "model": "checkins.feeling",
    "pk": 12,
    "fields": {
      "user": 1,
      "created_at": "2023-04-06",
      "choice": 1
    }
  },
  {
    "model": "checkins.feeling",
    "pk": 13,
    "fields": {
      "user": 1,
      "created_at": "2023-04-06",
      "choice": 1
    }
  },
  {
    "model": "checkins.feeling",
    "pk": 14,
    "fields": {
      "user": 1,
      "created_at": "2023-04-06",
      "choice": 1
    }
  },
  {
    "model": "checkins.feeling",
    "pk": 15,
    "fields": {
      "user": 1,
      "created_at": "2023-04-06",
      "choice": 1
    }
  },
  {
    "model": "checkins.feeling",
    "pk": 16,
    "fields": {
      "user": 1,
      "created_at": "2023-04-06",
      "choice": 2
    }
  },
  {
    "model": "checkins.feeling",
    "pk": 17,
    "fields": {
      "user": 1,
      "created_at": "2023-04-06",
      "choice": 2
    }
  },
  {
    "model": "checkins.feeling",
    "pk": 18,
    "fields": {
      "user": 1,
      "created_at": "2023-04-06",
      "choice": 2
    }
  },
  {
    "model": "checkins.feeling",
    "pk": 19,
    "fields": {
      "user": 1,
      "created_at": "2023-04-06",
      "choice": 2
    }
  },
  {
    "model": "checkins.feeling",
    "pk": 20,
    "fields": {
      "user": 1,
      "created_at": "2023-04-06",
      "choice": 2
    }
  },
  {
    "model": "checkins.feeling",
    "pk": 21,
    "fields": {
      "user": 1,
      "created_at": "2023-04-06",
      "choice": 2
    }
  },
  {
    "model": "checkins.feeling",
    "pk": 22,
    "fields": {
      "user": 1,
      "created_at": "2023-04-06",
      "choice": 2
    }
  },
  {
    "model": "checkins.feeling",
    "pk": 23,
    "fields": {
      "user": 1,
      "created_at": "2023-04-06",
      "choice": 2
    }
  },
  {
    "model": "checkins.feeling",
    "pk": 24,
    "fields": {
      "user": 1,
      "created_at": "2023-04-06",
      "choice": 2
    }
  },
  {
    "model": "checkins.feeling",
    "pk": 25,
    "fields": {
      "user": 1,
      "created_at": "2023-04-06",
      "choice": 2
    }
  },
  {
    "model": "checkins.feeling",
    "pk": 26,
    "fields": {
      "user": 1,
      "created_at": "2023-04-06",
      "choice": 2
    }
  },
  {
    "model": "checkins.feeling",
    "pk": 27,
    "fields": {
      "user": 1,
      "created_at": "2023-04-06",
      "choice": 2
    }
  },
  {
    "model": "checkins.feeling",
    "pk": 28,
    "fields": {
      "user": 1,
      "created_at": "2023-04-06",
      "choice": 2
    }
  },
  {
    "model": "checkins.feeling",
    "pk": 29,
    "fields": {
      "user": 1,
      "created_at": "2023-04-06",
      "choice": 2
    }
  },
  {
    "model": "checkins.feeling",
    "pk": 30,
    "fields": {
      "user": 1,
      "created_at": "2023-04-06",
      "choice": 2
    }
  },
  {
    "model": "checkins.feeling",
    "pk": 31,
    "fields": {
      "user": 1,
      "created_at": "2023-04-06",
      "choice": 2
    }
  },
  {
    "model": "checkins.feeling",
    "pk": 32,
    "fields": {
      "user": 1,
      "created_at": "2023-04-06",
      "choice": 2
    }
  },
  {
    "model": "checkins.feeling",
    "pk": 33,
    "fields": {
      "user": 1,
      "created_at": "2023-04-06",
      "choice": 3
    }
  },
  {
    "model": "checkins.feeling",
    "pk": 34,
    "fields": {
      "user": 1,
      "created_at": "2023-04-06",
      "choice": 3
    }
  },
  {
    "model": "checkins.feeling",
    "pk": 35,
    "fields": {
      "user": 1,
      "created_at": "2023-04-06",
      "choice": 3
    }
  },
  {
    "model": "checkins.feeling",
    "pk": 36,
    "fields": {
      "user": 1,
      "created_at": "2023-04-06",
      "choice": 3
    }
  },
  {
    "model": "checkins.feeling",
    "pk": 37,
    "fields": {
      "user": 1,
      "created_at": "2023-04-06",
      "choice": 3
    }
  },
  {
    "model": "checkins.feeling",
    "pk": 38,
    "fields": {
      "user": 1,
      "created_at": "2023-04-06",
      "choice": 3
    }
  },
  {
    "model": "checkins.feeling",
    "pk": 39,
    "fields": {
      "user": 1,
      "created_at": "2023-04-06",
      "choice": 3
    }
  },
  {
    "model": "checkins.feeling",
    "pk": 40,
    "fields": {
      "user": 1,
      "created_at": "2023-04-06",
      "choice": 3
    }
  },
  {
    "model": "checkins.feeling",
    "pk": 41,
    "fields": {
      "user": 1,
      "created_at": "2023-04-06",
      "choice": 4
    }
  },
  {
    "model": "checkins.feeling",
    "pk": 42,
    "fields": {
      "user": 1,
      "created_at": "2023-04-06",
      "choice": 4
    }
  },
  {
    "model": "checkins.feeling",
    "pk": 43,
    "fields": {
      "user": 1,
      "created_at": "2023-04-06",
      "choice": 4
    }
  },
  {
    "model": "checkins.feeling",
    "pk": 44,
    "fields": {
      "user": 1,
      "created_at": "2023-04-06",
      "choice": 4
    }
  },
  {
    "model": "checkins.feeling",
    "pk": 45,
    "fields": {
      "user": 1,
      "created_at": "2023-04-06",
      "choice": 4
    }
  },
  {
    "model": "checkins.feeling",
    "pk": 46,
    "fields": {
      "user": 1,
      "created_at": "2023-04-06",
      "choice": 4
    }
  },
  {
    "model": "checkins.feeling",
    "pk": 47,
    "fields": {
      "user": 1,
      "created_at": "2023-04-06",
      "choice": 4
    }
  },
  {
    "model": "checkins.feeling",
    "pk": 48,
    "fields": {
      "user": 1,
      "created_at": "2023-04-06",
      "choice": 5
    }
  },
  {
    "model": "checkins.feeling",
    "pk": 49,
    "fields": {
      "user": 1,
      "created_at": "2023-04-06",
      "choice": 5
    }
  },
  {
    "model": "checkins.feeling",
    "pk": 50,
    "fields": {
      "user": 1,
      "created_at": "2023-04-06",
      "choice": 5
    }
  },
  {
    "model": "checkins.feeling",
    "pk": 51,
    "fields": {
      "user": 1,
      "created_at": "2023-04-06",
      "choice": 5
    }
  },
  {
    "model": "checkins.feeling",
    "pk": 52,
    "fields": {
      "user": 1,
      "created_at": "2023-04-06",
      "choice": 5
    }
  },
  {
    "model": "checkins.feeling",
    "pk": 53,
    "fields": {
      "user": 1,
      "created_at": "2023-04-06",
      "choice": 5
    }
  },
  {
    "model": "checkins.feeling",
    "pk": 54,
    "fields": {
      "user": 1,
      "created_at": "2023-04-06",
      "choice": 5
    }
  },
  {
    "model": "checkins.feeling",
    "pk": 55,
    "fields": {
      "user": 1,
      "created_at": "2023-04-06",
      "choice": 5
    }
  },
  {
    "model": "checkins.feeling",
    "pk": 56,
    "fields": {
      "user": 1,
      "created_at": "2023-04-06",
      "choice": 5
    }
  },
  {
    "model": "checkins.feeling",
    "pk": 57,
    "fields": {
      "user": 1,
      "created_at": "2023-04-06",
      "choice": 5
    }
  },
  {
    "model": "checkins.feeling",
    "pk": 58,
    "fields": {
      "user": 1,
      "created_at": "2023-04-06",
      "choice": 5
    }
  },
  {
    "model": "checkins.feeling",
    "pk": 59,
    "fields": {
      "user": 1,
      "created_at": "2023-04-06",
      "choice": 5
    }
  },
  {
    "model": "checkins.feeling",
    "pk": 60,
    "fields": {
      "user": 1,
      "created_at": "2023-04-06",
      "choice": 5
    }
  },
  {
    "model": "checkins.feeling",
    "pk": 61,
    "fields": {
      "user": 1,
      "created_at": "2023-04-06",
      "choice": 5
    }
  },
  {
    "model": "checkins.feeling",
    "pk": 62,
    "fields": {
      "user": 1,
      "created_at": "2023-04-06",
      "choice": 5
    }
  },
  {
    "model": "checkins.feeling",
    "pk": 63,
    "fields": {
      "user": 1,
      "created_at": "2023-04-06",
      "choice": 5
    }
  },
  {
    "model": "checkins.feeling",
    "pk": 64,
    "fields": {
      "user": 1,
      "created_at": "2023-04-06",
      "choice": 5
    }
  },
  {
    "model": "checkins.feeling",
    "pk": 65,
    "fields": {
      "user": 1,
      "created_at": "2023-04-06",
      "choice": 5
    }
  },
  {
    "model": "checkins.feeling",
    "pk": 66,
    "fields": {
      "user": 1,
      "created_at": "2023-04-06",
      "choice": 5
    }
  },
  {
    "model": "checkins.feeling",
    "pk": 67,
    "fields": {
      "user": 1,
      "created_at": "2023-04-06",
      "choice": 5
    }
  },
  {
    "model": "checkins.feeling",
    "pk": 68,
    "fields": {
      "user": 1,
      "created_at": "2023-04-06",
      "choice": 5
    }
  },
  {
    "model": "checkins.feeling",
    "pk": 69,
    "fields": {
      "user": 1,
      "created_at": "2023-04-06",
      "choice": 5
    }
  },
  {
    "model": "checkins.feeling",
    "pk": 70,
    "fields": {
      "user": 1,
      "created_at": "2023-04-06",
      "choice": 5
    }
  }

]
