[
  {
    "model": "checkins.question",
    "pk": 1,
    "fields": { "question": "How Am I Feeling Today?" }
  },
  {
    "model": "checkins.question",
    "pk": 2,
    "fields": { "question": "What's Been Worrying Me Lately?" }
  },
  {
    "model": "checkins.question",
    "pk": 3,
    "fields": { "question": "Am I Providing My Body With Its Basic Needs?" }
  },
  {
    "model": "checkins.question",
    "pk": 4,
    "fields": {
      "question": "What Am I Doing to Bring Myself Joy?"
    }
  },
  {
    "model": "checkins.question",
    "pk": 5,
    "fields": {
      "question": "Who Do I Have In My Corner?"
    }
  },
  {
    "model": "checkins.feelingtype",
    "pk": 1,
    "fields": { "feeling_type": "Happy" }
  },
  {
    "model": "checkins.feelingtype",
    "pk": 2,
    "fields": { "feeling_type": "Meh" }
  },
  {
    "model": "checkins.feelingtype",
    "pk": 3,
    "fields": { "feeling_type": "Hangry" }
  },
  {
    "model": "checkins.feelingtype",
    "pk": 4,
    "fields": {
      "feeling_type": "Sad"
    }
  },
  {
    "model": "checkins.feelingtype",
    "pk": 5,
    "fields": {
      "feeling_type": "Loco"
    }
  },
  {
    "model": "checkins.checkin",
    "pk": 1,
    "fields": {
      "user": 1,
      "created_at": "2023-04-05"
    }
  },
  {
    "model": "checkins.checkin",
    "pk": 2,
    "fields": {
      "user": 1,
      "created_at": "2023-03-05"
    }
  },
  {
    "model": "checkins.checkin",
    "pk": 3,
    "fields": {
      "user": 1,
      "created_at": "2023-02-05"
    }
  },
  {
    "model": "checkins.checkin",
    "pk": 4,
    "fields": {
      "user": 1,
      "created_at": "2023-01-05"
    }
  },
  {
    "model": "checkins.checkin",
    "pk": 5,
    "fields": {
      "user": 1,
      "created_at": "2023-01-01"
    }
  },
  {
    "model": "checkins.answer",
    "pk": 1,
    "fields": {
      "answer": "one",
      "question": 1,
      "checkin": 1
    }
  },
  {
    "model": "checkins.answer",
    "pk": 2,
    "fields": {
      "answer": "two",
      "question": 2,
      "checkin": 1
    }
  },
  {
    "model": "checkins.answer",
    "pk": 3,
    "fields": {
      "answer": "three",
      "question": 3,
      "checkin": 1
    }
  },
  {
    "model": "checkins.answer",
    "pk": 4,
    "fields": {
      "answer": "four",
      "question": 4,
      "checkin": 1
    }
  },
  {
    "model": "checkins.answer",
    "pk": 5,
    "fields": {
      "answer": "five",
      "question": 5,
      "checkin": 1
    }
  },
  {
    "model": "checkins.answer",
    "pk": 6,
    "fields": {
      "answer": "one",
      "question": 1,
      "checkin": 2
    }
  },
  {
    "model": "checkins.answer",
    "pk": 7,
    "fields": {
      "answer": "two",
      "question": 2,
      "checkin": 2
    }
  },
  {
    "model": "checkins.answer",
    "pk": 8,
    "fields": {
      "answer": "three",
      "question": 3,
      "checkin": 2
    }
  },
  {
    "model": "checkins.answer",
    "pk": 9,
    "fields": {
      "answer": "four",
      "question": 4,
      "checkin": 2
    }
  },
  {
    "model": "checkins.answer",
    "pk": 10,
    "fields": {
      "answer": "five",
      "question": 5,
      "checkin": 2
    }
  },

  {
    "model": "checkins.answer",
    "pk": 11,
    "fields": {
      "answer": "one",
      "question": 1,
      "checkin": 3
    }
  },
  {
    "model": "checkins.answer",
    "pk": 12,
    "fields": {
      "answer": "two",
      "question": 2,
      "checkin": 3
    }
  },
  {
    "model": "checkins.answer",
    "pk": 13,
    "fields": {
      "answer": "three",
      "question": 3,
      "checkin": 3
    }
  },
  {
    "model": "checkins.answer",
    "pk": 14,
    "fields": {
      "answer": "four",
      "question": 4,
      "checkin": 3
    }
  },
  {
    "model": "checkins.answer",
    "pk": 15,
    "fields": {
      "answer": "five",
      "question": 5,
      "checkin": 3
    }
  },
  {
    "model": "checkins.answer",
    "pk": 16,
    "fields": {
      "answer": "one",
      "question": 1,
      "checkin": 4
    }
  },
  {
    "model": "checkins.answer",
    "pk": 17,
    "fields": {
      "answer": "two",
      "question": 2,
      "checkin": 4
    }
  },
  {
    "model": "checkins.answer",
    "pk": 18,
    "fields": {
      "answer": "three",
      "question": 3,
      "checkin": 4
    }
  },
  {
    "model": "checkins.answer",
    "pk": 19,
    "fields": {
      "answer": "four",
      "question": 4,
      "checkin": 4
    }
  },
  {
    "model": "checkins.answer",
    "pk": 20,
    "fields": {
      "answer": "five",
      "question": 5,
      "checkin": 4
    }
  },
  {
    "model": "checkins.answer",
    "pk": 21,
    "fields": {
      "answer": "one",
      "question": 1,
      "checkin": 5
    }
  },
  {
    "model": "checkins.answer",
    "pk": 22,
    "fields": {
      "answer": "two",
      "question": 2,
      "checkin": 5
    }
  },
  {
    "model": "checkins.answer",
    "pk": 23,
    "fields": {
      "answer": "three",
      "question": 3,
      "checkin": 5
    }
  },
  {
    "model": "checkins.answer",
    "pk": 24,
    "fields": {
      "answer": "four",
      "question": 4,
      "checkin": 5
    }
  },
  {
    "model": "checkins.answer",
    "pk": 25,
    "fields": {
      "answer": "five",
      "question": 5,
      "checkin": 5
    }
  }
]
